The Voyage,The Voyage,186
Remnants,Remnants,176
Orion Instrumental,Orion Ensemble,259
YYZ,Rush,170
Albatross 2018 Remaster,Fleetwood Mac,197
Sparks,The Who,194
Fanfare For The Common Man,Emerson Lake And Palmer,209
Journey Of The Sorcerer,Eagles,325
Little Wing,Jimi Hendrix,270
Frankenstein,Edgar Winter Group,284
Soul Sacrifice,Santana,255
Black Mountain Side,Led Zeppelin,288
Jessica,Allman Brothers Band,302
La Villa Strangiato,Rush,287
Sirius,The Alan Parsons Project,315
Funeral For A Friend,Elton John,313
Moby Dick,Led Zeppelin,171
Cause Weve Ended As Lovers,Jeff Beck,224
Leave That Thing Alone,Rush,226
Marooned,Pink Floyd,189
The Calling,Acoustic Horizon,201
Midnight Drive,City Lights,233
Ocean Breeze,Silver Coast,247
Sunrise Instrumental,Early Light,172
Electric Storm,Neon Sky,261
Gentle Rain,Jazz Trio,208
Desert Walk,Nomad Collective,243
Cloud Runner,Skyline Echoes,220
Deep Dive,Blue Current,276
Open Road,Highway Stars,199
Quiet Forest,Autumn Leaves,305
Glass Wings,Paper Planes,187
Moonlit Harbor,North Shore,292
Snowfall Theme,Winter Voices,268
Distant Signals,City Radio,214
Night Shift Groove,Urban Pulse,238
Horizon Line,Wide Open,252
Golden Hour,Gentle Waves,226
Northern Lights,Polar Sky,318
Homecoming,Stonebridge,203
Running Free,Street Lights,179
Second Sunrise,Morning Tide,222
Rolling Thunder,Storm Riders,264
Ember Glow,Crimson Field,216
Long Way Home,Bridge Street,287
Skyward Bound,Open Skies,274
Turning Point,Signal Fire,231
Quiet City,Evening Trains,207
Open Window,Sunroom,193
Afterglow,Last Light,283
